{
    "args": {
        "dataset": "tiny-imagenet",
        "n": -1,
        "kd": false,
        "weights": null,
        "small": false,
        "big": true,
        "batch": 512,
        "lr": 0.1,
        "weight_decay": 0.0001,
        "eps": 1e-08,
        "epochs": 200,
        "llambda": 0.1,
        "scheduler": "multistep",
        "warmup": true,
        "reducer": true,
        "synth": null,
        "augment": true,
        "lr_args": "{\"milestones\" : [40, 65], \"gamma\" : 0.1}",
        "name": "base_001_sched_b512_e200_sched_lr1_reduce"
    },
    "metrics": {
        "1": {
            "train_loss": 5.6608689901780105,
            "train_acc": 0.005297353316326531,
            "val_loss": 5.593335485458374,
            "val_acc": 0.00498046875,
            "lr": 0.010000000000000002
        },
        "2": {
            "train_loss": 5.283838352378534,
            "train_acc": 0.008280851403061224,
            "val_loss": 5.087659454345703,
            "val_acc": 0.01897403492647059,
            "lr": 0.020000000000000004
        },
        "3": {
            "train_loss": 4.934614933266932,
            "train_acc": 0.028964046556122447,
            "val_loss": 4.928713274002075,
            "val_acc": 0.03747127757352941,
            "lr": 0.03
        },
        "4": {
            "train_loss": 4.546856079782758,
            "train_acc": 0.06626674107142858,
            "val_loss": 4.358847498893738,
            "val_acc": 0.08497242647058824,
            "lr": 0.04000000000000001
        },
        "5": {
            "train_loss": 4.242757539359891,
            "train_acc": 0.1014827806122449,
            "val_loss": 4.063071310520172,
            "val_acc": 0.12086397058823531,
            "lr": 0.05
        },
        "6": {
            "train_loss": 4.061571859583562,
            "train_acc": 0.12653061224489795,
            "val_loss": 3.8596829056739805,
            "val_acc": 0.1585592830882353,
            "lr": 0.06
        },
        "7": {
            "train_loss": 3.9579547205749823,
            "train_acc": 0.14194634885204083,
            "val_loss": 3.7225567221641542,
            "val_acc": 0.17566636029411764,
            "lr": 0.06999999999999999
        },
        "8": {
            "train_loss": 3.855020881915579,
            "train_acc": 0.1588488520408163,
            "val_loss": 3.9397388458251954,
            "val_acc": 0.15174632352941178,
            "lr": 0.08000000000000002
        },
        "9": {
            "train_loss": 3.794364952311224,
            "train_acc": 0.1690051020408163,
            "val_loss": 3.680211365222931,
            "val_acc": 0.1787741268382353,
            "lr": 0.09000000000000001
        },
        "10": {
            "train_loss": 3.7370042934709664,
            "train_acc": 0.1788066007653061,
            "val_loss": 3.678911578655243,
            "val_acc": 0.18402458639705882,
            "lr": 0.1
        },
        "11": {
            "train_loss": 3.6935108875741762,
            "train_acc": 0.1819156568877551,
            "val_loss": 3.6831965327262877,
            "val_acc": 0.18296760110294116,
            "lr": 0.1
        },
        "12": {
            "train_loss": 3.624663467309913,
            "train_acc": 0.19387755102040816,
            "val_loss": 3.4388721108436586,
            "val_acc": 0.2216107536764706,
            "lr": 0.1
        },
        "13": {
            "train_loss": 3.5488261702109356,
            "train_acc": 0.20744579081632653,
            "val_loss": 3.480152952671051,
            "val_acc": 0.22292624080882356,
            "lr": 0.1
        },
        "14": {
            "train_loss": 3.499846407345363,
            "train_acc": 0.21585817920918365,
            "val_loss": 3.3994890570640566,
            "val_acc": 0.23269186580882356,
            "lr": 0.1
        },
        "15": {
            "train_loss": 3.462240087742708,
            "train_acc": 0.22262236926020407,
            "val_loss": 3.5878581762313844,
            "val_acc": 0.20826631433823528,
            "lr": 0.1
        },
        "16": {
            "train_loss": 3.403247217742764,
            "train_acc": 0.23158282844387754,
            "val_loss": 3.3036837697029116,
            "val_acc": 0.24676011029411765,
            "lr": 0.1
        },
        "17": {
            "train_loss": 3.36735953603472,
            "train_acc": 0.23893096301020408,
            "val_loss": 3.4446433067321776,
            "val_acc": 0.22670611213235295,
            "lr": 0.1
        },
        "18": {
            "train_loss": 3.3489342696812687,
            "train_acc": 0.24208785076530612,
            "val_loss": 3.566623830795288,
            "val_acc": 0.22234030330882354,
            "lr": 0.1
        },
        "19": {
            "train_loss": 3.3032273139272417,
            "train_acc": 0.2499103156887755,
            "val_loss": 3.3568663358688355,
            "val_acc": 0.24676585477941176,
            "lr": 0.1
        },
        "20": {
            "train_loss": 3.2744907481329784,
            "train_acc": 0.2550143494897959,
            "val_loss": 3.2261117935180663,
            "val_acc": 0.2686868106617647,
            "lr": 0.1
        },
        "21": {
            "train_loss": 3.234816396722988,
            "train_acc": 0.2613081951530612,
            "val_loss": 3.3579238414764405,
            "val_acc": 0.2507467830882353,
            "lr": 0.1
        },
        "22": {
            "train_loss": 3.215775194216748,
            "train_acc": 0.2666194993622449,
            "val_loss": 3.236816430091858,
            "val_acc": 0.2640280330882353,
            "lr": 0.1
        },
        "23": {
            "train_loss": 3.190244583451018,
            "train_acc": 0.27012316645408163,
            "val_loss": 3.3164939880371094,
            "val_acc": 0.25373965992647063,
            "lr": 0.1
        },
        "24": {
            "train_loss": 3.17432995110142,
            "train_acc": 0.27261041135204084,
            "val_loss": 3.2961513876914976,
            "val_acc": 0.2549574908088236,
            "lr": 0.1
        },
        "25": {
            "train_loss": 3.152706012433889,
            "train_acc": 0.27656648596938777,
            "val_loss": 3.3432716846466066,
            "val_acc": 0.25476217830882353,
            "lr": 0.1
        },
        "26": {
            "train_loss": 3.1386699153452504,
            "train_acc": 0.27989477040816324,
            "val_loss": 3.177159905433655,
            "val_acc": 0.26871553308823526,
            "lr": 0.1
        },
        "27": {
            "train_loss": 3.1089042923888384,
            "train_acc": 0.2848493303571429,
            "val_loss": 3.1914699196815492,
            "val_acc": 0.2779124540441177,
            "lr": 0.1
        },
        "28": {
            "train_loss": 3.076433910399067,
            "train_acc": 0.2894072863520408,
            "val_loss": 3.109697711467743,
            "val_acc": 0.2906077665441177,
            "lr": 0.1
        },
        "29": {
            "train_loss": 3.0560625536101207,
            "train_acc": 0.2926419005102041,
            "val_loss": 3.328006148338318,
            "val_acc": 0.2486385569852941,
            "lr": 0.1
        },
        "30": {
            "train_loss": 3.0360650468845756,
            "train_acc": 0.29829400510204085,
            "val_loss": 3.2099948048591616,
            "val_acc": 0.27314453125,
            "lr": 0.1
        },
        "31": {
            "train_loss": 3.011848056802944,
            "train_acc": 0.3015086894132653,
            "val_loss": 3.1500451445579527,
            "val_acc": 0.28708639705882355,
            "lr": 0.1
        },
        "32": {
            "train_loss": 3.002999410337331,
            "train_acc": 0.30404177295918366,
            "val_loss": 3.30738685131073,
            "val_acc": 0.2604836856617647,
            "lr": 0.1
        },
        "33": {
            "train_loss": 2.97595783520718,