{
    "params": {
        "args": {
            "dataset": "tiny-imagenet",
            "n": -1,
            "kd": false,
            "weights": null,
            "small": false,
            "big": true,
            "batch": 128,
            "lr": 0.001,
            "weight_decay": 0.01,
            "eps": 1e-08,
            "epochs": 50,
            "llambda": 0.1,
            "scheduler": "lineardecay",
            "warmup": false,
            "reducer": false,
            "lr_args": "{}"
        },
        "hparams": {
            "lr": 0.001,
            "batch_size": 128,
            "num_epochs": 50
        }
    },
    "metrics": {
        "0": {
            "train_loss": 4.756591191377177,
            "train_acc": 0.04812380115089514,
            "val_loss": 4.365865502176406,
            "val_acc": 0.08356408227848101,
            "lr": 0.00098
        },
        "1": {
            "train_loss": 4.071963921837185,
            "train_acc": 0.1220728101023018,
            "val_loss": 3.8889858451070665,
            "val_acc": 0.1463607594936709,
            "lr": 0.00096
        },
        "2": {
            "train_loss": 3.7211914705803326,
            "train_acc": 0.17016664002557544,
            "val_loss": 3.6431939782975595,
            "val_acc": 0.1829509493670886,
            "lr": 0.00094
        },
        "3": {
            "train_loss": 3.485887484477304,
            "train_acc": 0.21038802749360613,
            "val_loss": 3.458890290199956,
            "val_acc": 0.2175632911392405,
            "lr": 0.00092
        },
        "4": {
            "train_loss": 3.3191150368936837,
            "train_acc": 0.2383811540920716,
            "val_loss": 3.39834677418576,
            "val_acc": 0.22804588607594936,
            "lr": 0.0009000000000000001
        },
        "5": {
            "train_loss": 3.181500299812278,
            "train_acc": 0.26309742647058826,
            "val_loss": 3.3162674330457858,
            "val_acc": 0.24268196202531644,
            "lr": 0.00088
        },
        "6": {
            "train_loss": 3.0594863422081597,
            "train_acc": 0.2860453964194373,
            "val_loss": 3.276757910281797,
            "val_acc": 0.25168117088607594,
            "lr": 0.00086
        },
        "7": {
            "train_loss": 2.9514316201514905,
            "train_acc": 0.3029891304347826,
            "val_loss": 3.231840396229225,
            "val_acc": 0.26404272151898733,
            "lr": 0.00084
        },
        "8": {
            "train_loss": 2.852306290660673,
            "train_acc": 0.3228500639386189,
            "val_loss": 3.230511019501505,
            "val_acc": 0.2581091772151899,
            "lr": 0.0008200000000000001
        },
        "9": {
            "train_loss": 2.7579276677592635,
            "train_acc": 0.3394840952685422,
            "val_loss": 3.1854718757581106,
            "val_acc": 0.27838212025316456,
            "lr": 0.0008
        },
        "10": {
            "train_loss": 2.664710841977688,
            "train_acc": 0.35728700447570333,
            "val_loss": 3.1985719535924213,
            "val_acc": 0.27145965189873417,
            "lr": 0.0007800000000000001
        },
        "11": {
            "train_loss": 2.5722918391532605,
            "train_acc": 0.37478021099744246,
            "val_loss": 3.2062611036662814,
            "val_acc": 0.2789754746835443,
            "lr": 0.00076
        },
        "12": {
            "train_loss": 2.491324313613765,
            "train_acc": 0.38791759910485935,
            "val_loss": 3.2078660832175725,
            "val_acc": 0.28125,
            "lr": 0.00074
        },
        "13": {
            "train_loss": 2.4084660506919215,
            "train_acc": 0.40638986572890023,
            "val_loss": 3.2394582893275006,
            "val_acc": 0.270371835443038,
            "lr": 0.0007199999999999999
        },
        "14": {
            "train_loss": 2.325518151378388,
            "train_acc": 0.4219149616368286,
            "val_loss": 3.298434281650978,
            "val_acc": 0.27304193037974683,
            "lr": 0.0007
        },
        "15": {
            "train_loss": 2.247080420289198,
            "train_acc": 0.438429108056266,
            "val_loss": 3.2896299663978286,
            "val_acc": 0.27541534810126583,
            "lr": 0.0006799999999999999
        },
        "16": {
            "train_loss": 2.1678829613853905,
            "train_acc": 0.4537843670076726,
            "val_loss": 3.3455632487429847,
            "val_acc": 0.2740308544303797,
            "lr": 0.0006599999999999999
        },
        "17": {
            "train_loss": 2.081445357836116,
            "train_acc": 0.47045835997442453,
            "val_loss": 3.391403783725787,
            "val_acc": 0.2734375,
            "lr": 0.00064
        },
        "18": {
            "train_loss": 2.0095261751538347,
            "train_acc": 0.48644301470588236,
            "val_loss": 3.453268120560465,
            "val_acc": 0.2737341772151899,
            "lr": 0.00062
        },
        "19": {
            "train_loss": 1.9324616021512415,
            "train_acc": 0.501678388746803,
            "val_loss": 3.5150946061822435,
            "val_acc": 0.2650316455696203,
            "lr": 0.0006
        },
        "20": {
            "train_loss": 1.857206195973984,
            "train_acc": 0.5163443094629157,
            "val_loss": 3.5507251673106905,
            "val_acc": 0.2724485759493671,
            "lr": 0.0005800000000000001
        },
        "21": {
            "train_loss": 1.7806079511142447,
            "train_acc": 0.5344769021739131,
            "val_loss": 3.629671950883503,
            "val_acc": 0.27145965189873417,
            "lr": 0.0005600000000000001
        },
        "22": {
            "train_loss": 1.711207231749659,
            "train_acc": 0.5497722186700768,
            "val_loss": 3.718068575557274,
            "val_acc": 0.26483386075949367,
            "lr": 0.00054
        },
        "23": {
            "train_loss": 1.6354177443267743,
            "train_acc": 0.5653572570332481,
            "val_loss": 3.7775661975522583,
            "val_acc": 0.260185917721519,
            "lr": 0.0005200000000000001
        },
        "24": {
            "train_loss": 1.5653087386999593,
            "train_acc": 0.5818014705882353,
            "val_loss": 3.8878166977363295,
            "val_acc": 0.25939477848101267,
            "lr": 0.0005
        },
        "25": {
            "train_loss": 1.4966041668296775,
            "train_acc": 0.5957480818414322,
            "val_loss": 3.9296023875852173,
            "val_acc": 0.25039556962025317,
            "lr": 0.00048
        },
        "26": {
            "train_loss": 1.432425357496647,
            "train_acc": 0.611982496803069,
            "val_loss": 4.063121246386178,
            "val_acc": 0.24821993670886075,
            "lr": 0.00045999999999999996
        },
        "27": {
            "train_loss": 1.3659827368491142,
            "train_acc": 0.6264685901534527,
            "val_loss": 4.114645861372163,
            "val_acc": 0.24960443037974683,
            "lr": 0.00043999999999999996
        },
        "28": {
            "train_loss": 1.2960062745739431,
            "train_acc": 0.644781010230179,
            "val_loss": 4.2211644136452975,
            "val_acc": 0.24594541139240506,
            "lr": 0.00042000000000000007
        },
        "29": {
            "train_loss": 1.2385079382783006,
            "train_acc": 0.6576986093350383,
            "val_loss": 4.311843546130989,
            "val_acc": 0.24594541139240506,
            "lr": 0.0004
        },
        "30": {
            "train_loss": 1.1770422026476897,
            "train_acc": 0.6730838395140665,
            "val_loss": 4.410561374471158,
            "val_acc": 0.24357199367088608,
            "lr": 0.00038
        },
        "31": {
            "train_loss": 1.1097090280879185,