{
    "args": {
        "dataset": "tiny-imagenet",
        "n": -1,
        "kd": false,
        "weights": null,
        "small": false,
        "big": true,
        "batch": 256,
        "lr": 0.01,
        "weight_decay": 0.0001,
        "eps": 1e-08,
        "epochs": 50,
        "llambda": 0.1,
        "scheduler": "multistep",
        "warmup": false,
        "reducer": false,
        "synth": null,
        "augment": true,
        "lr_args": "{\"milestones\" : [15, 30], \"gamma\" : 0.1}",
        "name": "base_01_sched_b256_e50"
    },
    "metrics": {
        "1": {
            "train_loss": 5.201900774865504,
            "train_acc": 0.012735773657289002,
            "val_loss": 4.916769897937774,
            "val_acc": 0.03134765625,
            "lr": 0.01
        },
        "2": {
            "train_loss": 4.744873460296475,
            "train_acc": 0.04532249040920717,
            "val_loss": 4.384808796644211,
            "val_acc": 0.08076171875,
            "lr": 0.01
        },
        "3": {
            "train_loss": 4.35142097265824,
            "train_acc": 0.08875079923273657,
            "val_loss": 4.003889054059982,
            "val_acc": 0.12685546875,
            "lr": 0.01
        },
        "4": {
            "train_loss": 4.107539121452195,
            "train_acc": 0.12001878196930946,
            "val_loss": 4.019652938842773,
            "val_acc": 0.13359375,
            "lr": 0.01
        },
        "5": {
            "train_loss": 3.9369974880267287,
            "train_acc": 0.1472106777493606,
            "val_loss": 3.756576752662659,
            "val_acc": 0.1671875,
            "lr": 0.01
        },
        "6": {
            "train_loss": 3.8059533770431946,
            "train_acc": 0.16512148337595908,
            "val_loss": 3.589193457365036,
            "val_acc": 0.1935546875,
            "lr": 0.01
        },
        "7": {
            "train_loss": 3.7031260853838126,
            "train_acc": 0.18269261508951407,
            "val_loss": 3.4907885074615477,
            "val_acc": 0.21259765625,
            "lr": 0.01
        },
        "8": {
            "train_loss": 3.6091430138444047,
            "train_acc": 0.19701686381074168,
            "val_loss": 3.5243010401725767,
            "val_acc": 0.205859375,
            "lr": 0.01
        },
        "9": {
            "train_loss": 3.532032165990766,
            "train_acc": 0.21133911445012787,
            "val_loss": 3.4080525398254395,
            "val_acc": 0.23125,
            "lr": 0.01
        },
        "10": {
            "train_loss": 3.4641404670217764,
            "train_acc": 0.22207081202046036,
            "val_loss": 3.3126840710639955,
            "val_acc": 0.2435546875,
            "lr": 0.01
        },
        "11": {
            "train_loss": 3.3980900509583067,
            "train_acc": 0.23238690856777494,
            "val_loss": 3.234688627719879,
            "val_acc": 0.25341796875,
            "lr": 0.01
        },
        "12": {
            "train_loss": 3.3426901159993827,
            "train_acc": 0.24223945012787723,
            "val_loss": 3.3275704264640806,
            "val_acc": 0.243359375,
            "lr": 0.01
        },
        "13": {
            "train_loss": 3.2892292539786805,
            "train_acc": 0.25123681265984654,
            "val_loss": 3.1877083003520967,
            "val_acc": 0.2642578125,
            "lr": 0.01
        },
        "14": {
            "train_loss": 3.241031443676375,
            "train_acc": 0.2617806905370844,
            "val_loss": 3.1879041612148287,
            "val_acc": 0.26962890625,
            "lr": 0.01
        },
        "15": {
            "train_loss": 3.2019122756655563,
            "train_acc": 0.26820652173913045,
            "val_loss": 3.2644747138023376,
            "val_acc": 0.2611328125,
            "lr": 0.001
        },
        "16": {
            "train_loss": 2.974974942634173,
            "train_acc": 0.31027813299232737,
            "val_loss": 2.929015064239502,
            "val_acc": 0.3193359375,
            "lr": 0.001
        },
        "17": {
            "train_loss": 2.9181421351859638,
            "train_acc": 0.32163722826086955,
            "val_loss": 2.903216063976288,
            "val_acc": 0.329296875,
            "lr": 0.001
        },
        "18": {
            "train_loss": 2.895048371361345,
            "train_acc": 0.32396898976982097,
            "val_loss": 2.9096911013126374,
            "val_acc": 0.32509765625,
            "lr": 0.001
        },
        "19": {
            "train_loss": 2.8728927620841413,
            "train_acc": 0.3294876918158568,
            "val_loss": 2.9017814338207244,
            "val_acc": 0.325,
            "lr": 0.001
        },
        "20": {
            "train_loss": 2.8576865019395834,
            "train_acc": 0.3330782448849105,
            "val_loss": 2.9036959588527678,
            "val_acc": 0.32783203125,
            "lr": 0.001
        },
        "21": {
            "train_loss": 2.839261394632442,
            "train_acc": 0.335082320971867,
            "val_loss": 2.9248102009296417,
            "val_acc": 0.32587890625,
            "lr": 0.001
        },
        "22": {
            "train_loss": 2.825278382167182,
            "train_acc": 0.3385429987212277,
            "val_loss": 2.90782225728035,
            "val_acc": 0.32666015625,
            "lr": 0.001
        },
        "23": {
            "train_loss": 2.8141226085555524,
            "train_acc": 0.34052509590792834,
            "val_loss": 2.894205164909363,
            "val_acc": 0.3271484375,
            "lr": 0.001
        },
        "24": {
            "train_loss": 2.8012467674587085,
            "train_acc": 0.3425191815856778,
            "val_loss": 2.8974240124225616,
            "val_acc": 0.33193359375,
            "lr": 0.001
        },
        "25": {
            "train_loss": 2.789528805276622,
            "train_acc": 0.34363211317135545,
            "val_loss": 2.9274054169654846,
            "val_acc": 0.33046875,
            "lr": 0.001
        },
        "26": {
            "train_loss": 2.783249088565407,
            "train_acc": 0.34607177109974424,
            "val_loss": 2.880879577994347,
            "val_acc": 0.33740234375,
            "lr": 0.001
        },
        "27": {
            "train_loss": 2.7704776656597168,
            "train_acc": 0.3473005914322251,
            "val_loss": 2.917119151353836,
            "val_acc": 0.330078125,
            "lr": 0.001
        },
        "28": {
            "train_loss": 2.759926378879401,
            "train_acc": 0.349778212915601,
            "val_loss": 2.887564849853516,
            "val_acc": 0.335546875,
            "lr": 0.001
        },
        "29": {
            "train_loss": 2.7481051046220237,
            "train_acc": 0.35236972506393865,
            "val_loss": 2.9042135775089264,
            "val_acc": 0.33349609375,
            "lr": 0.001
        },
        "30": {
            "train_loss": 2.7390047638007746,
            "train_acc": 0.3563878676470588,
            "val_loss": 2.8995839416980744,
            "val_acc": 0.3328125,
            "lr": 0.0001
        },
        "31": {
            "train_loss": 2.7099722395162753,
            "train_acc": 0.3597306585677749,
            "val_loss": 2.850834760069847,
            "val_acc": 0.34287109375,
            "lr": 0.0001
        },
        "32": {
            "train_loss": 2.699945882153328,
            "train_acc": 0.36224024936061383,
            "val_loss": 2.88641197681427,
            "val_acc": 0.33974609375,
            "lr": 0.0001
        },
        "33": {
            "train_loss": 2.694001897826524,
            "train_acc": 0.3641304347826087,
            "val_loss": 2.8692386627197264,
            "val_acc": 0.3380859375,
            "lr": 0.0001
        },
        "34": {
            "train_loss": 2.6926605280707863,
            "train_acc": 0.3639486093350384,