{
    "args": {
        "dataset": "tiny-imagenet",
        "n": 50,
        "kd": true,
        "klat": true,
        "euclidat": false,
        "ssimat": false,
        "weights": "tinyimagenet_teacher_train15.pt",
        "small": false,
        "big": false,
        "batch": 128,
        "lr": 0.1,
        "weight_decay": 0.0001,
        "momentum": 0.9,
        "sgd": true,
        "eps": 1e-08,
        "epochs": 200,
        "llambda": 0.99,
        "factor": null,
        "alpha": 0.9,
        "scheduler": null,
        "warmup": false,
        "reducer": true,
        "synth": null,
        "augment": true,
        "lr_args": "{\"factor\" : 0.1, \"patience\": 5}",
        "name": "og_klat_sched_b128_e200_lr1_reduce_sgd_l99"
    },
    "metrics": {
        "1": {
            "train_loss": NaN,
            "train_acc": 0.004647943037974683,
            "val_loss": NaN,
            "val_acc": 0.005735759493670886,
            "lr": 0.1
        },
        "2": {
            "train_loss": NaN,
            "train_acc": 0.005537974683544304,
            "val_loss": NaN,
            "val_acc": 0.005636867088607595,
            "lr": 0.1
        },
        "3": {
            "train_loss": NaN,
            "train_acc": 0.004944620253164557,
            "val_loss": NaN,
            "val_acc": 0.005735759493670886,
            "lr": 0.1
        },
        "4": {
            "train_loss": NaN,
            "train_acc": 0.005340189873417721,
            "val_loss": NaN,
            "val_acc": 0.005340189873417721,
            "lr": 0.1
        },
        "5": {
            "train_loss": NaN,
            "train_acc": 0.005537974683544304,
            "val_loss": NaN,
            "val_acc": 0.005636867088607595,
            "lr": 0.1
        },
        "6": {
            "train_loss": NaN,
            "train_acc": 0.005439082278481013,
            "val_loss": NaN,
            "val_acc": 0.005537974683544304,
            "lr": 0.010000000000000002
        }
    }
}