{
    "args": {
        "dataset": "tiny-imagenet",
        "n": -1,
        "kd": false,
        "weights": null,
        "small": false,
        "big": true,
        "batch": 512,
        "lr": 0.01,
        "weight_decay": 0.0001,
        "eps": 1e-08,
        "epochs": 50,
        "llambda": 0.1,
        "scheduler": null,
        "warmup": false,
        "reducer": false,
        "synth": null,
        "augment": true,
        "lr_args": "{}",
        "name": "base_01_nosched_e50_b512"
    },
    "metrics": {
        "1": {
            "train_loss": 5.141622051900747,
            "train_acc": 0.016139190051020408,
            "val_loss": 4.907958626747131,
            "val_acc": 0.03147403492647059,
            "lr": 0.01
        },
        "2": {
            "train_loss": 4.634459145215093,
            "train_acc": 0.056142378826530615,
            "val_loss": 4.372680830955505,
            "val_acc": 0.08764935661764706,
            "lr": 0.01
        },
        "3": {
            "train_loss": 4.254032347883497,
            "train_acc": 0.1007015306122449,
            "val_loss": 4.0278532862663265,
            "val_acc": 0.13012982536764706,
            "lr": 0.01
        },
        "4": {
            "train_loss": 4.02683727716913,
            "train_acc": 0.13130779655612246,
            "val_loss": 3.7721319437026977,
            "val_acc": 0.16626838235294117,
            "lr": 0.01
        },
        "5": {
            "train_loss": 3.857224707700768,
            "train_acc": 0.15749760841836735,
            "val_loss": 3.7039312362670898,
            "val_acc": 0.17823988970588237,
            "lr": 0.01
        },
        "6": {
            "train_loss": 3.7105550145616335,
            "train_acc": 0.1805923150510204,
            "val_loss": 3.5156545519828795,
            "val_acc": 0.20867417279411765,
            "lr": 0.01
        },
        "7": {
            "train_loss": 3.6156866550445557,
            "train_acc": 0.19634486607142856,
            "val_loss": 3.5172197103500364,
            "val_acc": 0.21297679227941177,
            "lr": 0.01
        },
        "8": {
            "train_loss": 3.518454150277741,
            "train_acc": 0.2137794961734694,
            "val_loss": 3.4223261952400206,
            "val_acc": 0.22945197610294116,
            "lr": 0.01
        },
        "9": {
            "train_loss": 3.4339953429844914,
            "train_acc": 0.2264209980867347,
            "val_loss": 3.3124680876731873,
            "val_acc": 0.2454044117647059,
            "lr": 0.01
        },
        "10": {
            "train_loss": 3.3746289939296488,
            "train_acc": 0.23828125,
            "val_loss": 3.2492152571678163,
            "val_acc": 0.25707720588235294,
            "lr": 0.01
        },
        "11": {
            "train_loss": 3.3071246451261094,
            "train_acc": 0.2470344387755102,
            "val_loss": 3.2484604358673095,
            "val_acc": 0.26007008272058824,
            "lr": 0.01
        },
        "12": {
            "train_loss": 3.251735571695834,
            "train_acc": 0.2583127391581633,
            "val_loss": 3.3442047238349915,
            "val_acc": 0.23951056985294117,
            "lr": 0.01
        },
        "13": {
            "train_loss": 3.1980796456336975,
            "train_acc": 0.2672074298469388,
            "val_loss": 3.146208953857422,
            "val_acc": 0.2805491727941177,
            "lr": 0.01
        },
        "14": {
            "train_loss": 3.1440250301847654,
            "train_acc": 0.2769292091836735,
            "val_loss": 3.0978177189826965,
            "val_acc": 0.2896312040441177,
            "lr": 0.01
        },
        "15": {
            "train_loss": 3.1021727287039464,
            "train_acc": 0.2852220184948979,
            "val_loss": 3.1426708102226257,
            "val_acc": 0.29034352022058824,
            "lr": 0.01
        },
        "16": {
            "train_loss": 3.0601277509514166,
            "train_acc": 0.2927734375,
            "val_loss": 3.1898261308670044,
            "val_acc": 0.2724896599264706,
            "lr": 0.01
        },
        "17": {
            "train_loss": 3.015850312855779,
            "train_acc": 0.30227997448979593,
            "val_loss": 3.1215529441833496,
            "val_acc": 0.28693129595588235,
            "lr": 0.01
        },
        "18": {
            "train_loss": 2.9896364710768877,
            "train_acc": 0.30716876594387754,
            "val_loss": 3.1102864742279053,
            "val_acc": 0.29223920036764706,
            "lr": 0.01
        },
        "19": {
            "train_loss": 2.9487026041867783,
            "train_acc": 0.3137077487244898,
            "val_loss": 3.188176989555359,
            "val_acc": 0.27879136029411766,
            "lr": 0.01
        },
        "20": {
            "train_loss": 2.9122522327364706,
            "train_acc": 0.3217235331632653,
            "val_loss": 3.0809041619300843,
            "val_acc": 0.3010569852941177,
            "lr": 0.01
        },
        "21": {
            "train_loss": 2.8661578772019367,
            "train_acc": 0.32859933035714284,
            "val_loss": 3.0903234839439393,
            "val_acc": 0.29850643382352937,
            "lr": 0.01
        },
        "22": {
            "train_loss": 2.8400457172977682,
            "train_acc": 0.33357979910714286,
            "val_loss": 3.125626540184021,
            "val_acc": 0.29251493566176473,
            "lr": 0.01
        },
        "23": {
            "train_loss": 2.8142835084272892,
            "train_acc": 0.33955875318877554,
            "val_loss": 2.9951359152793886,
            "val_acc": 0.31743451286764707,
            "lr": 0.01
        },
        "24": {
            "train_loss": 2.780224099451182,
            "train_acc": 0.3461057079081633,
            "val_loss": 3.1124670267105103,
            "val_acc": 0.2884995404411764,
            "lr": 0.01
        },
        "25": {
            "train_loss": 2.7577565081265507,
            "train_acc": 0.351042330994898,
            "val_loss": 2.9998987436294557,
            "val_acc": 0.31275275735294117,
            "lr": 0.01
        },
        "26": {
            "train_loss": 2.727025629306326,
            "train_acc": 0.35593311543367345,
            "val_loss": 3.2072429418563844,
            "val_acc": 0.28309397977941175,
            "lr": 0.01
        },
        "27": {
            "train_loss": 2.703412666612742,
            "train_acc": 0.3608338647959184,
            "val_loss": 3.115255153179169,
            "val_acc": 0.3022173713235294,
            "lr": 0.01
        },
        "28": {
            "train_loss": 2.677540439732221,
            "train_acc": 0.3673768335459184,
            "val_loss": 3.2597355484962462,
            "val_acc": 0.2779067095588236,
            "lr": 0.01
        },
        "29": {
            "train_loss": 2.644668296891816,
            "train_acc": 0.3711595184948979,
            "val_loss": 3.0578543066978456,
            "val_acc": 0.3102826286764706,
            "lr": 0.01
        },
        "30": {
            "train_loss": 2.6252127824997413,
            "train_acc": 0.373844068877551,
            "val_loss": 3.0958357453346252,
            "val_acc": 0.3045611213235294,
            "lr": 0.01
        },
        "31": {
            "train_loss": 2.6015078753841165,
            "train_acc": 0.3799625318877551,
            "val_loss": 3.14379940032959,
            "val_acc": 0.2990176930147059,
            "lr": 0.01
        },
        "32": {
            "train_loss": 2.5793543445820712,
            "train_acc": 0.3847875478316326,
            "val_loss": 3.085980033874512,
            "val_acc": 0.3050436580882353,
            "lr": 0.01
        },
        "33": {
            "train_loss": 2.5560422710009982,
            "train_acc": 0.38948301977040817,
            "val_loss": 3.053511941432953,
            "val_acc": 0.3063648897058823,