{
    "args": {
        "dataset": "tiny-imagenet",
        "n": -1,
        "kd": false,
        "weights": null,
        "small": false,
        "big": true,
        "batch": 128,
        "lr": 0.1,
        "weight_decay": 0.0001,
        "momentum": 0.9,
        "sgd": true,
        "eps": 1e-08,
        "epochs": 200,
        "llambda": 0.1,
        "scheduler": "multistep",
        "warmup": true,
        "reducer": true,
        "synth": null,
        "augment": true,
        "lr_args": "{\"milestones\" : [120, 170], \"gamma\" : 0.1, \"factor\" : 0.5, \"patience\": 2}",
        "name": "base_sched_b128_e200_sched_lr1_reduce_sgd_mm"
    },
    "metrics": {
        "1": {
            "train_loss": 5.613890685083921,
            "train_acc": 0.0044956841432225066,
            "val_loss": 5.545752277857141,
            "val_acc": 0.004647943037974683,
            "lr": 0.010000000000000002
        },
        "2": {
            "train_loss": 5.119752784519244,
            "train_acc": 0.019850943094629155,
            "val_loss": 4.696084312245816,
            "val_acc": 0.04885284810126582,
            "lr": 0.020000000000000004
        },
        "3": {
            "train_loss": 4.638788409855055,
            "train_acc": 0.05179028132992328,
            "val_loss": 4.241635708869258,
            "val_acc": 0.09117879746835443,
            "lr": 0.03
        },
        "4": {
            "train_loss": 4.30415381068159,
            "train_acc": 0.08689657928388747,
            "val_loss": 4.117650638652753,
            "val_acc": 0.09780458860759493,
            "lr": 0.04000000000000001
        },
        "5": {
            "train_loss": 4.045451845964203,
            "train_acc": 0.11922554347826086,
            "val_loss": 3.8071728748611258,
            "val_acc": 0.15011867088607594,
            "lr": 0.05
        },
        "6": {
            "train_loss": 3.842558631201839,
            "train_acc": 0.14749840153452684,
            "val_loss": 3.8626327665546274,
            "val_acc": 0.14972310126582278,
            "lr": 0.06
        },
        "7": {
            "train_loss": 3.683690690933286,
            "train_acc": 0.17407289002557544,
            "val_loss": 3.444663669489607,
            "val_acc": 0.21054193037974683,
            "lr": 0.06999999999999999
        },
        "8": {
            "train_loss": 3.553436012829051,
            "train_acc": 0.1953924232736573,
            "val_loss": 3.2995167623592327,
            "val_acc": 0.23971518987341772,
            "lr": 0.08000000000000002
        },
        "9": {
            "train_loss": 3.4335936990845233,
            "train_acc": 0.2188299232736573,
            "val_loss": 3.5608441739142696,
            "val_acc": 0.20925632911392406,
            "lr": 0.09000000000000001
        },
        "10": {
            "train_loss": 3.3458365342196297,
            "train_acc": 0.2317275415601023,
            "val_loss": 3.183464878722082,
            "val_acc": 0.2587025316455696,
            "lr": 0.1
        },
        "11": {
            "train_loss": 3.271040410946702,
            "train_acc": 0.24673313618925832,
            "val_loss": 3.1354532045654104,
            "val_acc": 0.270371835443038,
            "lr": 0.1
        },
        "12": {
            "train_loss": 3.183169874083965,
            "train_acc": 0.26414641943734013,
            "val_loss": 3.0039406064190444,
            "val_acc": 0.2946993670886076,
            "lr": 0.1
        },
        "13": {
            "train_loss": 3.1079547350363965,
            "train_acc": 0.2790121483375959,
            "val_loss": 3.0209097530268414,
            "val_acc": 0.2935126582278481,
            "lr": 0.1
        },
        "14": {
            "train_loss": 3.044441650285745,
            "train_acc": 0.28962196291560105,
            "val_loss": 3.0744747270511676,
            "val_acc": 0.2869857594936709,
            "lr": 0.1
        },
        "15": {
            "train_loss": 2.995680654445268,
            "train_acc": 0.30136069373401536,
            "val_loss": 3.061399803885931,
            "val_acc": 0.3010284810126582,
            "lr": 0.05
        },
        "16": {
            "train_loss": 2.758635351420059,
            "train_acc": 0.34627757352941174,
            "val_loss": 2.677643264396281,
            "val_acc": 0.3674841772151899,
            "lr": 0.05
        },
        "17": {
            "train_loss": 2.722811665071551,
            "train_acc": 0.3529511668797954,
            "val_loss": 2.6055971353868896,
            "val_acc": 0.38123022151898733,
            "lr": 0.05
        },
        "18": {
            "train_loss": 2.6896850858502988,
            "train_acc": 0.35881553708439895,
            "val_loss": 2.606422505801237,
            "val_acc": 0.3761867088607595,
            "lr": 0.05
        },
        "19": {
            "train_loss": 2.673948371806718,
            "train_acc": 0.36275175831202044,
            "val_loss": 2.545219720164432,
            "val_acc": 0.3928006329113924,
            "lr": 0.05
        },
        "20": {
            "train_loss": 2.6619625527535558,
            "train_acc": 0.36503956202046034,
            "val_loss": 2.5931664343121685,
            "val_acc": 0.38241693037974683,
            "lr": 0.05
        },
        "21": {
            "train_loss": 2.6362680135785466,
            "train_acc": 0.37082400895140666,
            "val_loss": 2.6366859010503263,
            "val_acc": 0.3705498417721519,
            "lr": 0.05
        },
        "22": {
            "train_loss": 2.626931793854365,
            "train_acc": 0.37160326086956524,
            "val_loss": 2.563129179085357,
            "val_acc": 0.3891416139240506,
            "lr": 0.025
        },
        "23": {
            "train_loss": 2.453105749224153,
            "train_acc": 0.40952685421994883,
            "val_loss": 2.304760313486751,
            "val_acc": 0.4395767405063291,
            "lr": 0.025
        },
        "24": {
            "train_loss": 2.4270282924327704,
            "train_acc": 0.41379275895140666,
            "val_loss": 2.3593575305576566,
            "val_acc": 0.43245648734177217,
            "lr": 0.025
        },
        "25": {
            "train_loss": 2.416113263048479,
            "train_acc": 0.4162803708439898,
            "val_loss": 2.316117624693279,
            "val_acc": 0.44036787974683544,
            "lr": 0.025
        },
        "26": {
            "train_loss": 2.4075182465945972,
            "train_acc": 0.41748921035805625,
            "val_loss": 2.4095003378542166,
            "val_acc": 0.4261273734177215,
            "lr": 0.0125
        },
        "27": {
            "train_loss": 2.289968509350896,
            "train_acc": 0.4421355498721228,
            "val_loss": 2.21076842199398,
            "val_acc": 0.46014636075949367,
            "lr": 0.0125
        },
        "28": {
            "train_loss": 2.272667636346939,
            "train_acc": 0.4476402653452685,
            "val_loss": 2.2177232790596877,
            "val_acc": 0.4662776898734177,
            "lr": 0.0125
        },
        "29": {
            "train_loss": 2.259530099304131,
            "train_acc": 0.44982816496163686,
            "val_loss": 2.1912363148942777,
            "val_acc": 0.4669699367088608,
            "lr": 0.0125
        },
        "30": {
            "train_loss": 2.2543730194611316,
            "train_acc": 0.45117687020460356,
            "val_loss": 2.1787164965762367,
            "val_acc": 0.47577136075949367,
            "lr": 0.0125
        },
        "31": {
            "train_loss": 2.246493623842059,
            "train_acc": 0.4505075127877238,
            "val_loss": 2.185894779012173,
            "val_acc": 0.4651898734177215,
            "lr": 0.0125
        },
        "32": {
            "train_loss": 2.2367981277463382,
            "train_acc": 0.45421395460358055,
            "val_loss": 2.20523612710494,