{
    "params": {
        "args": {
            "dataset": "tiny-imagenet",
            "n": -1,
            "kd": false,
            "weights": null,
            "small": false,
            "big": true,
            "batch": 128,
            "lr": 0.001,
            "weight_decay": 0.01,
            "eps": 1e-08,
            "epochs": 30,
            "llambda": 0.1,
            "scheduler": "multistep",
            "warmup": false,
            "reducer": false,
            "lr_args": "{\"milestones\" : [9, 14], \"gamma\" : 0.1}"
        },
        "hparams": {
            "lr": 0.001,
            "batch_size": 128,
            "num_epochs": 30
        }
    },
    "metrics": {
        "0": {
            "train_loss": 4.743161573434425,
            "train_acc": 0.04872322570332481,
            "val_loss": 4.273600744295724,
            "val_acc": 0.0972112341772152,
            "lr": 0.001
        },
        "1": {
            "train_loss": 4.032674120210321,
            "train_acc": 0.12458040281329923,
            "val_loss": 3.8622517766831796,
            "val_acc": 0.15150316455696203,
            "lr": 0.001
        },
        "2": {
            "train_loss": 3.698749606261778,
            "train_acc": 0.1741827845268542,
            "val_loss": 3.629480078250547,
            "val_acc": 0.1830498417721519,
            "lr": 0.001
        },
        "3": {
            "train_loss": 3.4861292116477363,
            "train_acc": 0.209139226342711,
            "val_loss": 3.476773859579352,
            "val_acc": 0.2121242088607595,
            "lr": 0.001
        },
        "4": {
            "train_loss": 3.3221732249955083,
            "train_acc": 0.23729219948849106,
            "val_loss": 3.3904766583744483,
            "val_acc": 0.23516613924050633,
            "lr": 0.001
        },
        "5": {
            "train_loss": 3.189285989917453,
            "train_acc": 0.2624080882352941,
            "val_loss": 3.336873540395423,
            "val_acc": 0.239814082278481,
            "lr": 0.001
        },
        "6": {
            "train_loss": 3.0760101735439447,
            "train_acc": 0.2826586476982097,
            "val_loss": 3.2811789331556875,
            "val_acc": 0.2545490506329114,
            "lr": 0.001
        },
        "7": {
            "train_loss": 2.9677891798336486,
            "train_acc": 0.30113091432225064,
            "val_loss": 3.2204096588907363,
            "val_acc": 0.26275712025316456,
            "lr": 0.001
        },
        "8": {
            "train_loss": 2.8756606014793182,
            "train_acc": 0.3193334398976982,
            "val_loss": 3.2273024456410466,
            "val_acc": 0.26305379746835444,
            "lr": 0.0001
        },
        "9": {
            "train_loss": 2.558164519879519,
            "train_acc": 0.38390145460358055,
            "val_loss": 3.0527885020533696,
            "val_acc": 0.30073180379746833,
            "lr": 0.0001
        },
        "10": {
            "train_loss": 2.4839698423814895,
            "train_acc": 0.3998761189258312,
            "val_loss": 3.0669835458827923,
            "val_acc": 0.29647943037974683,
            "lr": 0.0001
        },
        "11": {
            "train_loss": 2.446311790162645,
            "train_acc": 0.406190057544757,
            "val_loss": 3.0821542136276823,
            "val_acc": 0.29529272151898733,
            "lr": 0.0001
        },
        "12": {
            "train_loss": 2.4151948620291317,
            "train_acc": 0.41147498401534527,
            "val_loss": 3.0863626969011526,
            "val_acc": 0.29291930379746833,
            "lr": 0.0001
        },
        "13": {
            "train_loss": 2.3847539880696464,
            "train_acc": 0.4171695172634271,
            "val_loss": 3.0982539140725436,
            "val_acc": 0.29638053797468356,
            "lr": 1e-05
        },
        "14": {
            "train_loss": 2.3283806444738833,
            "train_acc": 0.4305067135549872,
            "val_loss": 3.094941462142558,
            "val_acc": 0.294501582278481,
            "lr": 1e-05
        },
        "15": {
            "train_loss": 2.320016951054868,
            "train_acc": 0.4319053708439898,
            "val_loss": 3.0761076890969576,
            "val_acc": 0.2989517405063291,
            "lr": 1e-05
        },
        "16": {
            "train_loss": 2.317964069068889,
            "train_acc": 0.43252477621483376,
            "val_loss": 3.089791614798051,
            "val_acc": 0.2959849683544304,
            "lr": 1e-05
        },
        "17": {
            "train_loss": 2.3111569626861828,
            "train_acc": 0.43342391304347827,
            "val_loss": 3.1015901988065697,
            "val_acc": 0.29647943037974683,
            "lr": 1e-05
        },
        "18": {
            "train_loss": 2.310114825473112,
            "train_acc": 0.4333839514066496,
            "val_loss": 3.105123848854741,
            "val_acc": 0.29410601265822783,
            "lr": 1e-05
        },
        "19": {
            "train_loss": 2.3072580760702146,
            "train_acc": 0.4344429347826087,
            "val_loss": 3.08998933321313,
            "val_acc": 0.29736946202531644,
            "lr": 1e-05
        },
        "20": {
            "train_loss": 2.3044794637833714,
            "train_acc": 0.4354219948849105,
            "val_loss": 3.0974327039115037,
            "val_acc": 0.2944026898734177,
            "lr": 1e-05
        },
        "21": {
            "train_loss": 2.30099390077469,
            "train_acc": 0.4350023976982097,
            "val_loss": 3.0955076036573965,
            "val_acc": 0.3001384493670886,
            "lr": 1e-05
        },
        "22": {
            "train_loss": 2.296987709791764,
            "train_acc": 0.43700047953964194,
            "val_loss": 3.110847165312948,
            "val_acc": 0.29608386075949367,
            "lr": 1e-05
        },
        "23": {
            "train_loss": 2.2961022520004333,
            "train_acc": 0.4361912563938619,
            "val_loss": 3.099502469919905,
            "val_acc": 0.29845727848101267,
            "lr": 1e-05
        },
        "24": {
            "train_loss": 2.2910120214342764,
            "train_acc": 0.4373801150895141,
            "val_loss": 3.1223299171351178,
            "val_acc": 0.29618275316455694,
            "lr": 1e-05
        },
        "25": {
            "train_loss": 2.28994239809568,
            "train_acc": 0.4375499520460358,
            "val_loss": 3.1082077479060692,
            "val_acc": 0.29341376582278483,
            "lr": 1e-05
        },
        "26": {
            "train_loss": 2.288710105906972,
            "train_acc": 0.43771978900255754,
            "val_loss": 3.131659550002859,
            "val_acc": 0.29499604430379744,
            "lr": 1e-05
        },
        "27": {
            "train_loss": 2.28288430402346,
            "train_acc": 0.43864889705882354,
            "val_loss": 3.114890330954443,
            "val_acc": 0.29549050632911394,
            "lr": 1e-05
        },
        "28": {
            "train_loss": 2.280916251947203,
            "train_acc": 0.4398777173913043,
            "val_loss": 3.113572908353202,
            "val_acc": 0.29104034810126583,
            "lr": 1e-05
        },
        "29": {
            "train_loss": 2.278290038980791,
            "train_acc": 0.4397778132992327,
            "val_loss": 3.1112546226646325,
            "val_acc": 0.29736946202531644,
            "lr": 1e-05
        }
    }
}