{
    "args": {
        "dataset": "tiny-imagenet",
        "n": -1,
        "kd": false,
        "weights": null,
        "small": false,
        "big": true,
        "batch": 256,
        "lr": 0.001,
        "weight_decay": 0.0001,
        "eps": 1e-08,
        "epochs": 50,
        "llambda": 0.1,
        "scheduler": null,
        "warmup": false,
        "reducer": false,
        "synth": null,
        "augment": true,
        "lr_args": "{}",
        "name": "base_01_nosched_e50_b256"
    },
    "metrics": {
        "1": {
            "train_loss": 5.0944351625564455,
            "train_acc": 0.021485374040920716,
            "val_loss": 4.708311021327972,
            "val_acc": 0.04814453125,
            "lr": 0.001
        },
        "2": {
            "train_loss": 4.62359099253974,
            "train_acc": 0.058184143222506396,
            "val_loss": 4.329572081565857,
            "val_acc": 0.0908203125,
            "lr": 0.001
        },
        "3": {
            "train_loss": 4.337203312407979,
            "train_acc": 0.08986173273657289,
            "val_loss": 4.036399722099304,
            "val_acc": 0.119140625,
            "lr": 0.001
        },
        "4": {
            "train_loss": 4.161144009636491,
            "train_acc": 0.10896739130434784,
            "val_loss": 3.850181406736374,
            "val_acc": 0.1515625,
            "lr": 0.001
        },
        "5": {
            "train_loss": 4.019972487788676,
            "train_acc": 0.13162164322250638,
            "val_loss": 3.780810236930847,
            "val_acc": 0.16044921875,
            "lr": 0.001
        },
        "6": {
            "train_loss": 3.9045991757336784,
            "train_acc": 0.14667119565217393,
            "val_loss": 3.7245739340782165,
            "val_acc": 0.171875,
            "lr": 0.001
        },
        "7": {
            "train_loss": 3.820139592260961,
            "train_acc": 0.16018422314578004,
            "val_loss": 3.6324973523616793,
            "val_acc": 0.18291015625,
            "lr": 0.001
        },
        "8": {
            "train_loss": 3.735296523174666,
            "train_acc": 0.17427469629156012,
            "val_loss": 3.530970847606659,
            "val_acc": 0.20458984375,
            "lr": 0.001
        },
        "9": {
            "train_loss": 3.6672338311324646,
            "train_acc": 0.185008391943734,
            "val_loss": 3.45188992023468,
            "val_acc": 0.21640625,
            "lr": 0.001
        },
        "10": {
            "train_loss": 3.605267582647026,
            "train_acc": 0.19578204923273657,
            "val_loss": 3.5077247083187104,
            "val_acc": 0.20830078125,
            "lr": 0.001
        },
        "11": {
            "train_loss": 3.5451786396143685,
            "train_acc": 0.20510709718670078,
            "val_loss": 3.3927946984767914,
            "val_acc": 0.2326171875,
            "lr": 0.001
        },
        "12": {
            "train_loss": 3.500176317551557,
            "train_acc": 0.21413443094629156,
            "val_loss": 3.325701928138733,
            "val_acc": 0.244140625,
            "lr": 0.001
        },
        "13": {
            "train_loss": 3.444354547564026,
            "train_acc": 0.22295196611253196,
            "val_loss": 3.353268975019455,
            "val_acc": 0.239453125,
            "lr": 0.001
        },
        "14": {
            "train_loss": 3.401771090524581,
            "train_acc": 0.23050871163682865,
            "val_loss": 3.302155190706253,
            "val_acc": 0.2458984375,
            "lr": 0.001
        },
        "15": {
            "train_loss": 3.3620395800646614,
            "train_acc": 0.23744005754475703,
            "val_loss": 3.2610510885715485,
            "val_acc": 0.25908203125,
            "lr": 0.001
        },
        "16": {
            "train_loss": 3.3212433074746293,
            "train_acc": 0.24592391304347827,
            "val_loss": 3.2871488273143767,
            "val_acc": 0.2560546875,
            "lr": 0.001
        },
        "17": {
            "train_loss": 3.2839640119801397,
            "train_acc": 0.25075327685421994,
            "val_loss": 3.24698001742363,
            "val_acc": 0.25595703125,
            "lr": 0.001
        },
        "18": {
            "train_loss": 3.251976621730248,
            "train_acc": 0.25834199168797956,
            "val_loss": 3.1953191101551055,
            "val_acc": 0.2662109375,
            "lr": 0.001
        },
        "19": {
            "train_loss": 3.214753185086848,
            "train_acc": 0.2640684942455243,
            "val_loss": 3.173210138082504,
            "val_acc": 0.27216796875,
            "lr": 0.001
        },
        "20": {
            "train_loss": 3.1909285811207178,
            "train_acc": 0.26770500319693097,
            "val_loss": 3.1580397486686707,
            "val_acc": 0.27353515625,
            "lr": 0.001
        },
        "21": {
            "train_loss": 3.152223335202698,
            "train_acc": 0.275235773657289,
            "val_loss": 3.1758939206600187,
            "val_acc": 0.27119140625,
            "lr": 0.001
        },
        "22": {
            "train_loss": 3.12861074754954,
            "train_acc": 0.27971547314578005,
            "val_loss": 3.1399293541908264,
            "val_acc": 0.27177734375,
            "lr": 0.001
        },
        "23": {
            "train_loss": 3.099186792398048,
            "train_acc": 0.2843670076726343,
            "val_loss": 3.1174448251724245,
            "val_acc": 0.286328125,
            "lr": 0.001
        },
        "24": {
            "train_loss": 3.070815548567516,
            "train_acc": 0.28943014705882353,
            "val_loss": 3.0958510279655456,
            "val_acc": 0.28359375,
            "lr": 0.001
        },
        "25": {
            "train_loss": 3.039968552796737,
            "train_acc": 0.29545835997442454,
            "val_loss": 3.1436758995056153,
            "val_acc": 0.28291015625,
            "lr": 0.001
        },
        "26": {
            "train_loss": 3.0223239504772685,
            "train_acc": 0.29854539641943734,
            "val_loss": 3.0698644280433656,
            "val_acc": 0.29306640625,
            "lr": 0.001
        },
        "27": {
            "train_loss": 2.9919456594130573,
            "train_acc": 0.30563858695652174,
            "val_loss": 3.1471154630184173,
            "val_acc": 0.28125,
            "lr": 0.001
        },
        "28": {
            "train_loss": 2.971174713290866,
            "train_acc": 0.31035206202046034,
            "val_loss": 3.0974153101444246,
            "val_acc": 0.292578125,
            "lr": 0.001
        },
        "29": {
            "train_loss": 2.9489069064254956,
            "train_acc": 0.31287763746803066,
            "val_loss": 3.125255471467972,
            "val_acc": 0.28154296875,
            "lr": 0.001
        },
        "30": {
            "train_loss": 2.9310699045810553,
            "train_acc": 0.3158527813299233,
            "val_loss": 3.0656904220581054,
            "val_acc": 0.2935546875,
            "lr": 0.001
        },
        "31": {
            "train_loss": 2.908205111008471,
            "train_acc": 0.31830642583120206,
            "val_loss": 3.0434271156787873,
            "val_acc": 0.30380859375,
            "lr": 0.001
        },
        "32": {
            "train_loss": 2.8865423586667345,
            "train_acc": 0.32387507992327363,
            "val_loss": 3.109297251701355,
            "val_acc": 0.29306640625,
            "lr": 0.001
        },
        "33": {
            "train_loss": 2.8637893193822994,
            "train_acc": 0.3289921675191816,
            "val_loss": 3.0576139867305754,
            "val_acc": 0.29609375,
            "lr": 0.001
        },
        "34": {
            "train_loss": 2.842389416511711,
            "train_acc": 0.33213914641943737,