{
    "args": {
        "dataset": "tiny-imagenet",
        "n": -1,
        "kd": false,
        "weights": null,
        "small": false,
        "big": true,
        "batch": 256,
        "lr": 0.001,
        "weight_decay": 0.0001,
        "eps": 1e-08,
        "epochs": 50,
        "llambda": 0.1,
        "scheduler": "multistep",
        "warmup": false,
        "reducer": false,
        "synth": null,
        "augment": true,
        "lr_args": "{\"milestones\" : [15, 30], \"gamma\" : 0.1}",
        "name": "base_001_sched_b256_e50"
    },
    "metrics": {
        "1": {
            "train_loss": 5.100766257556808,
            "train_acc": 0.019850943094629155,
            "val_loss": 4.800365912914276,
            "val_acc": 0.0390625,
            "lr": 0.001
        },
        "2": {
            "train_loss": 4.658027762342292,
            "train_acc": 0.05449168797953964,
            "val_loss": 4.40897399187088,
            "val_acc": 0.08203125,
            "lr": 0.001
        },
        "3": {
            "train_loss": 4.3691772524353185,
            "train_acc": 0.08601942135549873,
            "val_loss": 4.104040515422821,
            "val_acc": 0.11298828125,
            "lr": 0.001
        },
        "4": {
            "train_loss": 4.179616907978302,
            "train_acc": 0.10791040601023018,
            "val_loss": 3.942973458766937,
            "val_acc": 0.14306640625,
            "lr": 0.001
        },
        "5": {
            "train_loss": 4.040754732268546,
            "train_acc": 0.12815896739130436,
            "val_loss": 3.804023337364197,
            "val_acc": 0.16123046875,
            "lr": 0.001
        },
        "6": {
            "train_loss": 3.9219521726183877,
            "train_acc": 0.1460877557544757,
            "val_loss": 3.737892097234726,
            "val_acc": 0.17041015625,
            "lr": 0.001
        },
        "7": {
            "train_loss": 3.8401036878376056,
            "train_acc": 0.15920716112531969,
            "val_loss": 3.7085108757019043,
            "val_acc": 0.17705078125,
            "lr": 0.001
        },
        "8": {
            "train_loss": 3.7492392691200043,
            "train_acc": 0.17371323529411764,
            "val_loss": 3.616056329011917,
            "val_acc": 0.18994140625,
            "lr": 0.001
        },
        "9": {
            "train_loss": 3.677944983972613,
            "train_acc": 0.18400135869565218,
            "val_loss": 3.4518179833889007,
            "val_acc": 0.22607421875,
            "lr": 0.001
        },
        "10": {
            "train_loss": 3.6170291735997897,
            "train_acc": 0.19559023337595907,
            "val_loss": 3.4892173945903777,
            "val_acc": 0.212109375,
            "lr": 0.001
        },
        "11": {
            "train_loss": 3.552288899946091,
            "train_acc": 0.2054867327365729,
            "val_loss": 3.3652191698551177,
            "val_acc": 0.23212890625,
            "lr": 0.001
        },
        "12": {
            "train_loss": 3.5009495004668567,
            "train_acc": 0.21389266304347826,
            "val_loss": 3.386872285604477,
            "val_acc": 0.236328125,
            "lr": 0.001
        },
        "13": {
            "train_loss": 3.4418929312235256,
            "train_acc": 0.22332760549872124,
            "val_loss": 3.3394724428653717,
            "val_acc": 0.24306640625,
            "lr": 0.001
        },
        "14": {
            "train_loss": 3.402311787276012,
            "train_acc": 0.23190137468030692,
            "val_loss": 3.2898779451847076,
            "val_acc": 0.24951171875,
            "lr": 0.001
        },
        "15": {
            "train_loss": 3.3592911156851923,
            "train_acc": 0.23787963554987213,
            "val_loss": 3.3009434401988984,
            "val_acc": 0.25029296875,
            "lr": 0.0001
        },
        "16": {
            "train_loss": 3.1858613478863025,
            "train_acc": 0.2710238171355499,
            "val_loss": 3.094075846672058,
            "val_acc": 0.28271484375,
            "lr": 0.0001
        },
        "17": {
            "train_loss": 3.150347093182147,
            "train_acc": 0.27643462276214836,
            "val_loss": 3.0737674832344055,
            "val_acc": 0.28408203125,
            "lr": 0.0001
        },
        "18": {
            "train_loss": 3.1336379904881158,
            "train_acc": 0.27993126598465473,
            "val_loss": 3.0757175743579865,
            "val_acc": 0.28603515625,
            "lr": 0.0001
        },
        "19": {
            "train_loss": 3.1219828153205347,
            "train_acc": 0.2817834878516624,
            "val_loss": 3.0686490416526793,
            "val_acc": 0.2880859375,
            "lr": 0.0001
        },
        "20": {
            "train_loss": 3.1112665130049373,
            "train_acc": 0.2846027813299233,
            "val_loss": 3.0754688918590545,
            "val_acc": 0.285546875,
            "lr": 0.0001
        },
        "21": {
            "train_loss": 3.0918536698421857,
            "train_acc": 0.287278212915601,
            "val_loss": 3.0889983057975767,
            "val_acc": 0.2865234375,
            "lr": 0.0001
        },
        "22": {
            "train_loss": 3.0835279308621537,
            "train_acc": 0.2899516464194373,
            "val_loss": 3.058028447628021,
            "val_acc": 0.28974609375,
            "lr": 0.0001
        },
        "23": {
            "train_loss": 3.078867261062193,
            "train_acc": 0.29036125319693096,
            "val_loss": 3.0361796379089356,
            "val_acc": 0.29423828125,
            "lr": 0.0001
        },
        "24": {
            "train_loss": 3.06491976320896,
            "train_acc": 0.29177989130434784,
            "val_loss": 3.0463058173656465,
            "val_acc": 0.29150390625,
            "lr": 0.0001
        },
        "25": {
            "train_loss": 3.059222391499278,
            "train_acc": 0.29300271739130435,
            "val_loss": 3.067325419187546,
            "val_acc": 0.291015625,
            "lr": 0.0001
        },
        "26": {
            "train_loss": 3.059733209097782,
            "train_acc": 0.29330642583120203,
            "val_loss": 3.054493302106857,
            "val_acc": 0.29228515625,
            "lr": 0.0001
        },
        "27": {
            "train_loss": 3.0447940491044614,
            "train_acc": 0.2963415121483376,
            "val_loss": 3.0569137752056124,
            "val_acc": 0.291796875,
            "lr": 0.0001
        },
        "28": {
            "train_loss": 3.039355155452133,
            "train_acc": 0.2976162883631714,
            "val_loss": 3.050419920682907,
            "val_acc": 0.2935546875,
            "lr": 0.0001
        },
        "29": {
            "train_loss": 3.032086837627089,
            "train_acc": 0.2985613810741688,
            "val_loss": 3.047124856710434,
            "val_acc": 0.292578125,
            "lr": 0.0001
        },
        "30": {
            "train_loss": 3.0272286285829666,
            "train_acc": 0.2982336956521739,
            "val_loss": 3.0345322847366334,
            "val_acc": 0.29423828125,
            "lr": 1e-05
        },
        "31": {
            "train_loss": 3.0010879856851096,
            "train_acc": 0.30465952685421993,
            "val_loss": 2.9973750591278074,
            "val_acc": 0.30771484375,
            "lr": 1e-05
        },
        "32": {
            "train_loss": 2.997423086020038,
            "train_acc": 0.30490928708439896,
            "val_loss": 3.0265741467475893,
            "val_acc": 0.297265625,
            "lr": 1e-05
        },
        "33": {
            "train_loss": 2.9958299114880966,
            "train_acc": 0.3069992806905371,
            "val_loss": 3.0163648247718813,
            "val_acc": 0.300390625,
            "lr": 1e-05
        },
        "34": {
            "train_loss": 2.9902805532031045,