{
    "args": {
        "dataset": "tiny-imagenet",
        "n": -1,
        "kd": false,
        "weights": null,
        "small": false,
        "big": true,
        "batch": 512,
        "lr": 0.001,
        "weight_decay": 0.0001,
        "eps": 1e-08,
        "epochs": 50,
        "llambda": 0.1,
        "scheduler": null,
        "warmup": false,
        "reducer": false,
        "synth": null,
        "augment": true,
        "lr_args": "{}",
        "name": "base_001_nosched_e50_b512"
    },
    "metrics": {
        "1": {
            "train_loss": 5.17929288319179,
            "train_acc": 0.017022082270408162,
            "val_loss": 4.926654100418091,
            "val_acc": 0.03583409926470588,
            "lr": 0.001
        },
        "2": {
            "train_loss": 4.775838907884092,
            "train_acc": 0.04774593431122449,
            "val_loss": 4.493224382400513,
            "val_acc": 0.07099609375,
            "lr": 0.001
        },
        "3": {
            "train_loss": 4.453603126564804,
            "train_acc": 0.07796755420918366,
            "val_loss": 4.146146357059479,
            "val_acc": 0.11309168198529411,
            "lr": 0.001
        },
        "4": {
            "train_loss": 4.253994002634165,
            "train_acc": 0.10202885841836734,
            "val_loss": 3.971232545375824,
            "val_acc": 0.13618451286764705,
            "lr": 0.001
        },
        "5": {
            "train_loss": 4.106701455554184,
            "train_acc": 0.12175741390306123,
            "val_loss": 3.823258090019226,
            "val_acc": 0.1562557444852941,
            "lr": 0.001
        },
        "6": {
            "train_loss": 3.99148760644757,
            "train_acc": 0.13700773278061223,
            "val_loss": 3.783781445026398,
            "val_acc": 0.16433823529411765,
            "lr": 0.001
        },
        "7": {
            "train_loss": 3.901459731617752,
            "train_acc": 0.15101841517857142,
            "val_loss": 3.6702835321426392,
            "val_acc": 0.17958984375,
            "lr": 0.001
        },
        "8": {
            "train_loss": 3.8240984605283153,
            "train_acc": 0.16351841517857144,
            "val_loss": 3.6872926712036134,
            "val_acc": 0.18133616727941176,
            "lr": 0.001
        },
        "9": {
            "train_loss": 3.748581346200437,
            "train_acc": 0.17294921875,
            "val_loss": 3.5792703151702883,
            "val_acc": 0.1984375,
            "lr": 0.001
        },
        "10": {
            "train_loss": 3.6942811036596495,
            "train_acc": 0.18473573022959183,
            "val_loss": 3.5177557706832885,
            "val_acc": 0.20526769301470588,
            "lr": 0.001
        },
        "11": {
            "train_loss": 3.6327177006371167,
            "train_acc": 0.19291294642857143,
            "val_loss": 3.502028799057007,
            "val_acc": 0.2179342830882353,
            "lr": 0.001
        },
        "12": {
            "train_loss": 3.5818729364142126,
            "train_acc": 0.20250119579081635,
            "val_loss": 3.4319610238075255,
            "val_acc": 0.22131204044117644,
            "lr": 0.001
        },
        "13": {
            "train_loss": 3.5324784419974504,
            "train_acc": 0.20968191964285715,
            "val_loss": 3.3944171667099,
            "val_acc": 0.23158318014705884,
            "lr": 0.001
        },
        "14": {
            "train_loss": 3.487836657738199,
            "train_acc": 0.21789500956632654,
            "val_loss": 3.356915593147278,
            "val_acc": 0.23246783088235295,
            "lr": 0.001
        },
        "15": {
            "train_loss": 3.445812625544412,
            "train_acc": 0.22480867346938777,
            "val_loss": 3.400394320487976,
            "val_acc": 0.23345588235294118,
            "lr": 0.001
        },
        "16": {
            "train_loss": 3.406021475791931,
            "train_acc": 0.23140744579081635,
            "val_loss": 3.2854323387145996,
            "val_acc": 0.2518899356617647,
            "lr": 0.001
        },
        "17": {
            "train_loss": 3.3691460684854158,
            "train_acc": 0.23825135522959184,
            "val_loss": 3.3428290724754333,
            "val_acc": 0.24173368566176473,
            "lr": 0.001
        },
        "18": {
            "train_loss": 3.332078132094169,
            "train_acc": 0.24613958864795918,
            "val_loss": 3.2851014494895936,
            "val_acc": 0.24793772977941178,
            "lr": 0.001
        },
        "19": {
            "train_loss": 3.304710434407604,
            "train_acc": 0.2500079719387755,
            "val_loss": 3.290044605731964,
            "val_acc": 0.2526482077205882,
            "lr": 0.001
        },
        "20": {
            "train_loss": 3.2680849858692715,
            "train_acc": 0.2565150669642857,
            "val_loss": 3.22306911945343,
            "val_acc": 0.26070197610294116,
            "lr": 0.001
        },
        "21": {
            "train_loss": 3.240078877429573,
            "train_acc": 0.2603196747448979,
            "val_loss": 3.3054860115051268,
            "val_acc": 0.2536075367647059,
            "lr": 0.001
        },
        "22": {
            "train_loss": 3.211999255783704,
            "train_acc": 0.2659937021683674,
            "val_loss": 3.296010196208954,
            "val_acc": 0.2506146599264706,
            "lr": 0.001
        },
        "23": {
            "train_loss": 3.1896162264201107,
            "train_acc": 0.26968072385204084,
            "val_loss": 3.1935315489768983,
            "val_acc": 0.26675666360294115,
            "lr": 0.001
        },
        "24": {
            "train_loss": 3.1623200907999154,
            "train_acc": 0.2761439732142857,
            "val_loss": 3.208067798614502,
            "val_acc": 0.26724494485294115,
            "lr": 0.001
        },
        "25": {
            "train_loss": 3.1406191830732384,
            "train_acc": 0.28006616709183674,
            "val_loss": 3.2657031655311584,
            "val_acc": 0.2582318474264706,
            "lr": 0.001
        },
        "26": {
            "train_loss": 3.11181653519066,
            "train_acc": 0.28281249999999997,
            "val_loss": 3.109773278236389,
            "val_acc": 0.28065831801470587,
            "lr": 0.001
        },
        "27": {
            "train_loss": 3.090855038895899,
            "train_acc": 0.2884147799744898,
            "val_loss": 3.1243825197219848,
            "val_acc": 0.2829273897058823,
            "lr": 0.001
        },
        "28": {
            "train_loss": 3.0646529319335003,
            "train_acc": 0.2939373405612245,
            "val_loss": 3.1633310556411742,
            "val_acc": 0.2769186580882353,
            "lr": 0.001
        },
        "29": {
            "train_loss": 3.0409061920886136,
            "train_acc": 0.2973533163265306,
            "val_loss": 3.0922614693641663,
            "val_acc": 0.291015625,
            "lr": 0.001
        },
        "30": {
            "train_loss": 3.0223479526383534,
            "train_acc": 0.29976881377551023,
            "val_loss": 3.198363220691681,
            "val_acc": 0.2733570772058823,
            "lr": 0.001
        },
        "31": {
            "train_loss": 3.003207273629247,
            "train_acc": 0.3037966358418367,
            "val_loss": 3.110247349739075,
            "val_acc": 0.29224494485294117,
            "lr": 0.001
        },
        "32": {
            "train_loss": 2.983231004403562,
            "train_acc": 0.30716079400510204,
            "val_loss": 3.124160385131836,
            "val_acc": 0.29002182904411766,
            "lr": 0.001
        },
        "33": {
            "train_loss": 2.9586611852353935,
            "train_acc": 0.31273517219387753,
            "val_loss": 3.1103176355361937,