{
    "args": {
        "dataset": "tiny-imagenet",
        "n": -1,
        "kd": false,
        "weights": null,
        "small": false,
        "big": true,
        "batch": 256,
        "lr": 0.002,
        "weight_decay": 0.0005,
        "momentum": 0.9,
        "sgd": false,
        "eps": 1e-08,
        "epochs": 200,
        "llambda": 0.1,
        "scheduler": "multistep",
        "warmup": true,
        "reducer": true,
        "synth": null,
        "augment": true,
        "lr_args": "{\"milestones\" : [20, 40, 110, 140], \"gamma\" : 0.1, \"factor\" : 0.5, \"min_lr\" : 1e-5}",
        "name": "base_sched_b256_e200_sched_lr001_reduce_adamw_mm"
    },
    "metrics": {
        "1": {
            "train_loss": 5.6136147933238,
            "train_acc": 0.004475703324808184,
            "val_loss": 5.540124261379242,
            "val_acc": 0.00458984375,
            "lr": 0.0002
        },
        "2": {
            "train_loss": 5.247348817108232,
            "train_acc": 0.013009510869565219,
            "val_loss": 5.025747799873352,
            "val_acc": 0.03037109375,
            "lr": 0.0004
        },
        "3": {
            "train_loss": 4.874120269590022,
            "train_acc": 0.036419037723785165,
            "val_loss": 4.506048375368119,
            "val_acc": 0.06298828125,
            "lr": 0.0006
        },
        "4": {
            "train_loss": 4.505457103709736,
            "train_acc": 0.06565696930946291,
            "val_loss": 4.216373765468598,
            "val_acc": 0.0880859375,
            "lr": 0.0008
        },
        "5": {
            "train_loss": 4.244179750647386,
            "train_acc": 0.09423153772378517,
            "val_loss": 3.916081166267395,
            "val_acc": 0.1345703125,
            "lr": 0.001
        },
        "6": {
            "train_loss": 4.034417994491889,
            "train_acc": 0.12096587276214835,
            "val_loss": 3.8079628705978394,
            "val_acc": 0.1369140625,
            "lr": 0.0012
        },
        "7": {
            "train_loss": 3.8644507992298096,
            "train_acc": 0.14321651214833758,
            "val_loss": 3.888920670747757,
            "val_acc": 0.144921875,
            "lr": 0.0014
        },
        "8": {
            "train_loss": 3.722493124130132,
            "train_acc": 0.16481577685421997,
            "val_loss": 3.7174821972846983,
            "val_acc": 0.1654296875,
            "lr": 0.0016
        },
        "9": {
            "train_loss": 3.5986827371065573,
            "train_acc": 0.18769781010230177,
            "val_loss": 3.4317733347415924,
            "val_acc": 0.2123046875,
            "lr": 0.0018000000000000002
        },
        "10": {
            "train_loss": 3.487370700177634,
            "train_acc": 0.2066456202046036,
            "val_loss": 3.4207808077335358,
            "val_acc": 0.22568359375,
            "lr": 0.002
        },
        "11": {
            "train_loss": 3.4017389338949453,
            "train_acc": 0.22437659846547314,
            "val_loss": 3.3265933573246,
            "val_acc": 0.236328125,
            "lr": 0.002
        },
        "12": {
            "train_loss": 3.2931556299214475,
            "train_acc": 0.2428508631713555,
            "val_loss": 3.255624032020569,
            "val_acc": 0.26015625,
            "lr": 0.002
        },
        "13": {
            "train_loss": 3.205068471181728,
            "train_acc": 0.2600003996163683,
            "val_loss": 3.1870289146900177,
            "val_acc": 0.256640625,
            "lr": 0.002
        },
        "14": {
            "train_loss": 3.1222286834131423,
            "train_acc": 0.27334758631713557,
            "val_loss": 2.9782799184322357,
            "val_acc": 0.2953125,
            "lr": 0.002
        },
        "15": {
            "train_loss": 3.054272462035079,
            "train_acc": 0.28766783887468034,
            "val_loss": 2.9975683748722077,
            "val_acc": 0.29443359375,
            "lr": 0.002
        },
        "16": {
            "train_loss": 2.9909590668690478,
            "train_acc": 0.29986013427109975,
            "val_loss": 2.8670575588941576,
            "val_acc": 0.3166015625,
            "lr": 0.002
        },
        "17": {
            "train_loss": 2.933187462179862,
            "train_acc": 0.31223625319693094,
            "val_loss": 2.8507040947675706,
            "val_acc": 0.32314453125,
            "lr": 0.002
        },
        "18": {
            "train_loss": 2.8759339044770926,
            "train_acc": 0.3229559622762148,
            "val_loss": 2.762796950340271,
            "val_acc": 0.34150390625,
            "lr": 0.002
        },
        "19": {
            "train_loss": 2.8322626727316385,
            "train_acc": 0.3288483056265985,
            "val_loss": 2.7714877098798754,
            "val_acc": 0.33935546875,
            "lr": 0.002
        },
        "20": {
            "train_loss": 2.7975414207829234,
            "train_acc": 0.33513427109974425,
            "val_loss": 2.7833491444587706,
            "val_acc": 0.33642578125,
            "lr": 0.002
        },
        "21": {
            "train_loss": 2.7500559911703513,
            "train_acc": 0.34647738171355497,
            "val_loss": 2.7259157329797743,
            "val_acc": 0.35478515625,
            "lr": 0.002
        },
        "22": {
            "train_loss": 2.718160488416472,
            "train_acc": 0.35450567455242965,
            "val_loss": 2.647823464870453,
            "val_acc": 0.36806640625,
            "lr": 0.002
        },
        "23": {
            "train_loss": 2.680966224816754,
            "train_acc": 0.35911125319693094,
            "val_loss": 2.64378736615181,
            "val_acc": 0.3689453125,
            "lr": 0.002
        },
        "24": {
            "train_loss": 2.651923225968695,
            "train_acc": 0.36516943734015345,
            "val_loss": 2.637733617424965,
            "val_acc": 0.3748046875,
            "lr": 0.002
        },
        "25": {
            "train_loss": 2.62195015319473,
            "train_acc": 0.3713095428388747,
            "val_loss": 2.613307076692581,
            "val_acc": 0.37412109375,
            "lr": 0.002
        },
        "26": {
            "train_loss": 2.5981537234752685,
            "train_acc": 0.3783427909207161,
            "val_loss": 2.595108765363693,
            "val_acc": 0.38349609375,
            "lr": 0.002
        },
        "27": {
            "train_loss": 2.5679157585134287,
            "train_acc": 0.3833459878516624,
            "val_loss": 2.5339024364948273,
            "val_acc": 0.390234375,
            "lr": 0.002
        },
        "28": {
            "train_loss": 2.547033298350966,
            "train_acc": 0.38830522698209724,
            "val_loss": 2.611088702082634,
            "val_acc": 0.37451171875,
            "lr": 0.002
        },
        "29": {
            "train_loss": 2.5214887275110427,
            "train_acc": 0.39435741687979536,
            "val_loss": 2.524291682243347,
            "val_acc": 0.391796875,
            "lr": 0.002
        },
        "30": {
            "train_loss": 2.503710855913284,
            "train_acc": 0.39734454923273654,
            "val_loss": 2.507696622610092,
            "val_acc": 0.40029296875,
            "lr": 0.0002
        },
        "31": {
            "train_loss": 2.322565608927051,
            "train_acc": 0.43710637787723783,
            "val_loss": 2.24462314248085,
            "val_acc": 0.45517578125,
            "lr": 0.0002
        },
        "32": {
            "train_loss": 2.273534358919734,
            "train_acc": 0.44797993925831203,
            "val_loss": 2.23431501686573,
            "val_acc": 0.4568359375,
            "lr": 0.0002
        },
        "33": {
            "train_loss": 2.26125512860925,
            "train_acc": 0.4478480658567775,
            "val_loss": 2.2212462544441225,