{
    "args": {
        "dataset": "tiny-imagenet",
        "n": -1,
        "kd": false,
        "weights": null,
        "small": false,
        "big": true,
        "batch": 128,
        "lr": 0.1,
        "weight_decay": 0.0001,
        "eps": 1e-08,
        "epochs": 200,
        "llambda": 0.1,
        "scheduler": "multistep",
        "warmup": true,
        "reducer": true,
        "synth": null,
        "augment": true,
        "lr_args": "{\"milestones\" : [40, 65], \"gamma\" : 0.1}",
        "name": "base_sched_b128_e200_sched_lr1_reduce"
    },
    "metrics": {
        "1": {
            "train_loss": 5.660962240775223,
            "train_acc": 0.005135070332480818,
            "val_loss": 5.592836132532434,
            "val_acc": 0.004944620253164557,
            "lr": 0.010000000000000002
        },
        "2": {
            "train_loss": 5.06720024118643,
            "train_acc": 0.020270540281329925,
            "val_loss": 4.645458384405209,
            "val_acc": 0.04954509493670886,
            "lr": 0.020000000000000004
        },
        "3": {
            "train_loss": 4.569884260902015,
            "train_acc": 0.061041400255754476,
            "val_loss": 4.196169557450693,
            "val_acc": 0.1059137658227848,
            "lr": 0.03
        },
        "4": {
            "train_loss": 4.272592886939378,
            "train_acc": 0.09699688299232737,
            "val_loss": 4.193164028698885,
            "val_acc": 0.1081882911392405,
            "lr": 0.04000000000000001
        },
        "5": {
            "train_loss": 4.1319212605581255,
            "train_acc": 0.1177269820971867,
            "val_loss": 3.9260815034938763,
            "val_acc": 0.14260284810126583,
            "lr": 0.05
        },
        "6": {
            "train_loss": 4.058860424839322,
            "train_acc": 0.1287264226342711,
            "val_loss": 3.916451638257956,
            "val_acc": 0.15031645569620253,
            "lr": 0.06
        },
        "7": {
            "train_loss": 4.020161819884844,
            "train_acc": 0.1348205722506394,
            "val_loss": 4.042129694661008,
            "val_acc": 0.13409810126582278,
            "lr": 0.06999999999999999
        },
        "8": {
            "train_loss": 4.003783987306268,
            "train_acc": 0.13921635230179027,
            "val_loss": 4.154299588143071,
            "val_acc": 0.125,
            "lr": 0.08000000000000002
        },
        "9": {
            "train_loss": 3.984623522099936,
            "train_acc": 0.14136429028132994,
            "val_loss": 4.089641230015815,
            "val_acc": 0.12658227848101267,
            "lr": 0.09000000000000001
        },
        "10": {
            "train_loss": 3.979860442373759,
            "train_acc": 0.1425831202046036,
            "val_loss": 4.048563987393923,
            "val_acc": 0.13765822784810128,
            "lr": 0.1
        },
        "11": {
            "train_loss": 3.9621745646762117,
            "train_acc": 0.14469109654731457,
            "val_loss": 3.938891757892657,
            "val_acc": 0.14853639240506328,
            "lr": 0.1
        },
        "12": {
            "train_loss": 3.9179861682760135,
            "train_acc": 0.15045556265984655,
            "val_loss": 3.9216934789585163,
            "val_acc": 0.15130537974683544,
            "lr": 0.05
        },
        "13": {
            "train_loss": 3.6153900851983853,
            "train_acc": 0.19509271099744246,
            "val_loss": 3.4224982261657715,
            "val_acc": 0.22695806962025317,
            "lr": 0.05
        },
        "14": {
            "train_loss": 3.5454107519915645,
            "train_acc": 0.20840992647058823,
            "val_loss": 3.382604979261567,
            "val_acc": 0.23160601265822786,
            "lr": 0.05
        },
        "15": {
            "train_loss": 3.499347132490114,
            "train_acc": 0.2161025415601023,
            "val_loss": 3.3752771299096604,
            "val_acc": 0.24268196202531644,
            "lr": 0.05
        },
        "16": {
            "train_loss": 3.4511254858177947,
            "train_acc": 0.22333559782608695,
            "val_loss": 3.331083508986461,
            "val_acc": 0.2421875,
            "lr": 0.05
        },
        "17": {
            "train_loss": 3.4084184355747973,
            "train_acc": 0.23141783887468031,
            "val_loss": 3.383529397505748,
            "val_acc": 0.24139636075949367,
            "lr": 0.05
        },
        "18": {
            "train_loss": 3.3696435708219132,
            "train_acc": 0.23636309143222506,
            "val_loss": 3.322675852835933,
            "val_acc": 0.24189082278481014,
            "lr": 0.05
        },
        "19": {
            "train_loss": 3.327584157209567,
            "train_acc": 0.2430366847826087,
            "val_loss": 3.212358408336398,
            "val_acc": 0.26730617088607594,
            "lr": 0.05
        },
        "20": {
            "train_loss": 3.292751456770446,
            "train_acc": 0.25112891624040923,
            "val_loss": 3.1816950840286062,
            "val_acc": 0.2644382911392405,
            "lr": 0.05
        },
        "21": {
            "train_loss": 3.2495838077476873,
            "train_acc": 0.25842191496163686,
            "val_loss": 3.3129606216768677,
            "val_acc": 0.25939477848101267,
            "lr": 0.05
        },
        "22": {
            "train_loss": 3.210962404680374,
            "train_acc": 0.26442615089514065,
            "val_loss": 3.1864417202865023,
            "val_acc": 0.26760284810126583,
            "lr": 0.05
        },
        "23": {
            "train_loss": 3.1916182114340157,
            "train_acc": 0.2677629475703325,
            "val_loss": 3.1824306264708313,
            "val_acc": 0.2735363924050633,
            "lr": 0.05
        },
        "24": {
            "train_loss": 3.160947394492986,
            "train_acc": 0.2710697730179028,
            "val_loss": 3.164779098728035,
            "val_acc": 0.27808544303797467,
            "lr": 0.05
        },
        "25": {
            "train_loss": 3.1317946548047275,
            "train_acc": 0.2789122442455243,
            "val_loss": 3.164298078681849,
            "val_acc": 0.2837223101265823,
            "lr": 0.05
        },
        "26": {
            "train_loss": 3.102373034143082,
            "train_acc": 0.2842770939897698,
            "val_loss": 3.152124751972247,
            "val_acc": 0.28283227848101267,
            "lr": 0.05
        },
        "27": {
            "train_loss": 3.0830344800144207,
            "train_acc": 0.2882832480818414,
            "val_loss": 3.15823446949826,
            "val_acc": 0.2827333860759494,
            "lr": 0.05
        },
        "28": {
            "train_loss": 3.0575977899229434,
            "train_acc": 0.2904811381074169,
            "val_loss": 3.134162625180015,
            "val_acc": 0.2881724683544304,
            "lr": 0.05
        },
        "29": {
            "train_loss": 3.0394198964623844,
            "train_acc": 0.29642543158567775,
            "val_loss": 3.1516240035431293,
            "val_acc": 0.27986550632911394,
            "lr": 0.05
        },
        "30": {
            "train_loss": 3.0101693871685917,
            "train_acc": 0.30202006074168797,
            "val_loss": 3.1131632720367817,
            "val_acc": 0.2877768987341772,
            "lr": 0.05
        },
        "31": {
            "train_loss": 2.995224551776486,
            "train_acc": 0.30444773017902815,
            "val_loss": 3.159029590932629,
            "val_acc": 0.2827333860759494,
            "lr": 0.05
        },
        "32": {
            "train_loss": 2.9649583049442456,
            "train_acc": 0.3086237212276215,
            "val_loss": 3.1176745982109746,
            "val_acc": 0.2956882911392405,
            "lr": 0.05
        },
        "33": {
            "train_loss": 2.94318271415008,